INSERT INTO houses(id, name) VALUES(1, 'Stark');
INSERT INTO houses(id, name) VALUES(4, 'Lannister');
INSERT INTO houses(id, name) VALUES(7, 'Tyrell');
INSERT INTO houses(id, name) VALUES(3, 'Martell');
INSERT INTO houses(id, name) VALUES(6, 'Baratheon');
INSERT INTO houses(id, name) VALUES(2, 'Greyjoy');
INSERT INTO houses(id, name) VALUES(5, 'Targaryen');
INSERT INTO houses(id, name) VALUES(8, 'Tarly');
INSERT INTO characters(id, first_name, last_name, house_id) VALUES(1, 'Ned', 'Stark', 1);
INSERT INTO characters(id, first_name, last_name, house_id) VALUES(2, 'Yara', 'Greyjoy', 2);
INSERT INTO characters(id, first_name, last_name, house_id) VALUES(3, 'Theon', 'Greyjoy', 2);
INSERT INTO characters(id, first_name, last_name, house_id) VALUES(4, 'Oberyn', 'Martell', 3);
INSERT INTO characters(id, first_name, last_name, house_id) VALUES(5, 'Sansa', 'Stark', 1);
INSERT INTO characters(id, first_name, last_name, house_id) VALUES(6, 'Cersei', 'Lannister', 4);
INSERT INTO characters(id, first_name, last_name, house_id) VALUES(7, 'Daenerys', 'Targaryen', 5);
INSERT INTO characters(id, first_name, last_name, house_id) VALUES(8, 'Tyrion', 'Lannister', 4);
INSERT INTO characters(id, first_name, last_name, house_id) VALUES(9, 'Catelyn', 'Stark', 1);
INSERT INTO characters(id, first_name, last_name, house_id) VALUES(10, 'Jon', 'Snow', 1);
INSERT INTO characters(id, first_name, last_name, house_id) VALUES(11, 'Stannis', 'Baratheon', 6);
INSERT INTO characters(id, first_name, last_name, house_id) VALUES(12, 'Olenna', 'Tyrell', 7);
INSERT INTO characters(id, first_name, last_name, house_id) VALUES(13, 'Bran', 'Stark', 1);
INSERT INTO characters(id, first_name, last_name, house_id) VALUES(14, 'Samwell', 'Tarly', 8);
INSERT INTO characters(id, first_name, last_name, house_id) VALUES(15, 'Margaery', 'Tyrell', 7);
INSERT INTO characters(id, first_name, last_name, house_id) VALUES(16, 'Arya', 'Stark', 1);
INSERT INTO characters(id, first_name, last_name, house_id) VALUES(17, 'Jami', 'Lannister', 4);
INSERT INTO characters(id, first_name, last_name, house_id) VALUES(18, 'Robert', 'Baratheon', 6);
INSERT INTO characters(id, first_name, last_name, house_id) VALUES(19, 'Robb', 'Stark', 1);
INSERT INTO character_movements(id, delay_millis, velocity, x, y, character_id) VALUES(1, 15000, 1, 302.00, 804.50, 1);
INSERT INTO character_movements(id, delay_millis, velocity, x, y, character_id) VALUES(2, 1000, 1, 305.00, 742.50, 1);
INSERT INTO character_movements(id, delay_millis, velocity, x, y, character_id) VALUES(3, 1000, 1, 306.00, 687.50, 1);
INSERT INTO character_movements(id, delay_millis, velocity, x, y, character_id) VALUES(4, 1000, 1, 303.00, 625.50, 1);
INSERT INTO character_movements(id, delay_millis, velocity, x, y, character_id) VALUES(5, 1000, 1, 341.00, 558.50, 1);
INSERT INTO character_movements(id, delay_millis, velocity, x, y, character_id) VALUES(6, 1000, 1, 368.00, 460.50, 1);
INSERT INTO character_movements(id, delay_millis, velocity, x, y, character_id) VALUES(7, 1000, 1, 192.00, 574.00, 2);
INSERT INTO character_movements(id, delay_millis, velocity, x, y, character_id) VALUES(8, 1000, 1, 192.10, 574.10, 2);
INSERT INTO character_movements(id, delay_millis, velocity, x, y, character_id) VALUES(9, 1000, 1, 120.00, 461.00, 2);
INSERT INTO character_movements(id, delay_millis, velocity, x, y, character_id) VALUES(10, 1000, 1, 122.00, 340.00, 2);
INSERT INTO character_movements(id, delay_millis, velocity, x, y, character_id) VALUES(11, 1000, 1, 125.00, 260.00, 2);
INSERT INTO character_movements(id, delay_millis, velocity, x, y, character_id) VALUES(12, 1000, 1, 180.00, 180.00, 2);
INSERT INTO character_movements(id, delay_millis, velocity, x, y, character_id) VALUES(13, 1000, 1, 320.00, 166.00, 2);
INSERT INTO character_movements(id, delay_millis, velocity, x, y, character_id) VALUES(14, 1000, 1, 430.00, 200.00, 2);
INSERT INTO character_movements(id, delay_millis, velocity, x, y, character_id) VALUES(15, 1000, 1, 470.00, 212.00, 2);
INSERT INTO character_movements(id, delay_millis, velocity, x, y, character_id) VALUES(16, 1000, 1, 478.00, 314.00, 2);
INSERT INTO character_movements(id, delay_millis, velocity, x, y, character_id) VALUES(17, 1000, 1, 480.00, 460.00, 2);
INSERT INTO character_movements(id, delay_millis, velocity, x, y, character_id) VALUES(18, 1000, 1, 500.00, 600.00, 2);
INSERT INTO character_movements(id, delay_millis, velocity, x, y, character_id) VALUES(19, 1000, 1, 500.00, 730.00, 2);
INSERT INTO character_movements(id, delay_millis, velocity, x, y, character_id) VALUES(20, 1000, 1, 450.00, 800.00, 2);
INSERT INTO character_movements(id, delay_millis, velocity, x, y, character_id) VALUES(21, 1000, 1, 380.00, 830.00, 2);
INSERT INTO character_movements(id, delay_millis, velocity, x, y, character_id) VALUES(22, 1000, 1, 302.10, 802.10, 3);
INSERT INTO character_movements(id, delay_millis, velocity, x, y, character_id) VALUES(23, 1000, 1, 302.20, 802.20, 3);
INSERT INTO character_movements(id, delay_millis, velocity, x, y, character_id) VALUES(24, 300000, 1, 367.00, 295.50, 4);
INSERT INTO character_movements(id, delay_millis, velocity, x, y, character_id) VALUES(25, 1000, 1, 454.00, 320.50, 4);
INSERT INTO character_movements(id, delay_millis, velocity, x, y, character_id) VALUES(26, 1000, 1, 514.00, 398.50, 4);
INSERT INTO character_movements(id, delay_millis, velocity, x, y, character_id) VALUES(27, 1000, 1, 491.00, 461.50, 4);
INSERT INTO character_movements(id, delay_millis, velocity, x, y, character_id) VALUES(28, 1000, 1, 460.00, 513.50, 4);
INSERT INTO character_movements(id, delay_millis, velocity, x, y, character_id) VALUES(29, 1000, 1, 371.00, 459.50, 4);
INSERT INTO character_movements(id, delay_millis, velocity, x, y, character_id) VALUES(30, 15000, 1, 302.00, 804.50, 5);
INSERT INTO character_movements(id, delay_millis, velocity, x, y, character_id) VALUES(31, 1000, 1, 305.00, 742.50, 5);
INSERT INTO character_movements(id, delay_millis, velocity, x, y, character_id) VALUES(32, 1000, 1, 306.00, 687.50, 5);
INSERT INTO character_movements(id, delay_millis, velocity, x, y, character_id) VALUES(33, 1000, 1, 303.00, 625.50, 5);
INSERT INTO character_movements(id, delay_millis, velocity, x, y, character_id) VALUES(34, 1000, 1, 341.00, 558.50, 5);
INSERT INTO character_movements(id, delay_millis, velocity, x, y, character_id) VALUES(35, 1000, 1, 368.00, 460.50, 5);
INSERT INTO character_movements(id, delay_millis, velocity, x, y, character_id) VALUES(36, 1000, 25, 367.00, 459.50, 6);
INSERT INTO character_movements(id, delay_millis, velocity, x, y, character_id) VALUES(37, 1000, 25, 341.00, 555.50, 6);
INSERT INTO character_movements(id, delay_millis, velocity, x, y, character_id) VALUES(38, 1000, 25, 280.00, 606.50, 6);
INSERT INTO character_movements(id, delay_millis, velocity, x, y, character_id) VALUES(39, 1000, 25, 305.00, 699.50, 6);
INSERT INTO character_movements(id, delay_millis, velocity, x, y, character_id) VALUES(40, 1000, 25, 301.00, 810.50, 6);
INSERT INTO character_movements(id, delay_millis, velocity, x, y, character_id) VALUES(41, 1000, 15, 305.00, 691.50, 6);
INSERT INTO character_movements(id, delay_millis, velocity, x, y, character_id) VALUES(42, 1000, 15, 306.00, 607.50, 6);
INSERT INTO character_movements(id, delay_millis, velocity, x, y, character_id) VALUES(43, 1000, 15, 350.00, 533.50, 6);
INSERT INTO character_movements(id, delay_millis, velocity, x, y, character_id) VALUES(44, 300000, 15, 359.00, 466.50, 6);
INSERT INTO character_movements(id, delay_millis, velocity, x, y, character_id) VALUES(45, 1000, 1, 550.00, 472.00, 7);
INSERT INTO character_movements(id, delay_millis, velocity, x, y, character_id) VALUES(46, 1000, 1, 612.00, 488.00, 7);
INSERT INTO character_movements(id, delay_millis, velocity, x, y, character_id) VALUES(47, 1000, 1, 658.00, 538.00, 7);
INSERT INTO character_movements(id, delay_millis, velocity, x, y, character_id) VALUES(48, 1000, 1, 755.00, 468.00, 7);
INSERT INTO character_movements(id, delay_millis, velocity, x, y, character_id) VALUES(49, 1000, 1, 826.00, 419.00, 7);
INSERT INTO character_movements(id, delay_millis, velocity, x, y, character_id) VALUES(50, 1000, 1, 865.00, 474.00, 7);
INSERT INTO character_movements(id, delay_millis, velocity, x, y, character_id) VALUES(51, 1000, 1, 937.00, 438.00, 7);
INSERT INTO character_movements(id, delay_millis, velocity, x, y, character_id) VALUES(52, 1000, 1, 984.00, 394.00, 7);
INSERT INTO character_movements(id, delay_millis, velocity, x, y, character_id) VALUES(53, 1000, 1, 1057.00, 382.00, 7);
INSERT INTO character_movements(id, delay_millis, velocity, x, y, character_id) VALUES(54, 1000, 1, 1105.00, 320.00, 7);
INSERT INTO character_movements(id, delay_millis, velocity, x, y, character_id) VALUES(55, 1000, 1, 1179.00, 288.00, 7);
INSERT INTO character_movements(id, delay_millis, velocity, x, y, character_id) VALUES(56, 1000, 1, 1250.00, 234.00, 7);
INSERT INTO character_movements(id, delay_millis, velocity, x, y, character_id) VALUES(57, 1000, 1, 1280.00, 135.00, 7);
INSERT INTO character_movements(id, delay_millis, velocity, x, y, character_id) VALUES(58, 10000, 1, 1300.00, -100.00, 7);
INSERT INTO character_movements(id, delay_millis, velocity, x, y, character_id) VALUES(59, 10000, 1, 1100.00, -10.00, 7);
INSERT INTO character_movements(id, delay_millis, velocity, x, y, character_id) VALUES(60, 1000, 1, 1080.00, 10.00, 7);
INSERT INTO character_movements(id, delay_millis, velocity, x, y, character_id) VALUES(61, 1000, 1, 1050.00, 40.00, 7);
INSERT INTO character_movements(id, delay_millis, velocity, x, y, character_id) VALUES(62, 1000, 1, 1015.00, 105.00, 7);
INSERT INTO character_movements(id, delay_millis, velocity, x, y, character_id) VALUES(63, 1000, 1, 1013.00, 145.00, 7);
INSERT INTO character_movements(id, delay_millis, velocity, x, y, character_id) VALUES(64, 1000, 1, 1005.00, 181.00, 7);
INSERT INTO character_movements(id, delay_millis, velocity, x, y, character_id) VALUES(65, 1000, 1, 1059.00, 159.00, 7);
INSERT INTO character_movements(id, delay_millis, velocity, x, y, character_id) VALUES(66, 1000, 1, 1089.00, 171.00, 7);
INSERT INTO character_movements(id, delay_millis, velocity, x, y, character_id) VALUES(67, 1000, 1, 1092.00, 242.00, 7);
INSERT INTO character_movements(id, delay_millis, velocity, x, y, character_id) VALUES(68, 1000, 25, 367.00, 459.50, 8);
INSERT INTO character_movements(id, delay_millis, velocity, x, y, character_id) VALUES(69, 1000, 25, 341.00, 555.50, 8);
INSERT INTO character_movements(id, delay_millis, velocity, x, y, character_id) VALUES(70, 1000, 25, 280.00, 606.50, 8);
INSERT INTO character_movements(id, delay_millis, velocity, x, y, character_id) VALUES(71, 1000, 25, 305.00, 699.50, 8);
INSERT INTO character_movements(id, delay_millis, velocity, x, y, character_id) VALUES(72, 1000, 25, 301.00, 810.50, 8);
INSERT INTO character_movements(id, delay_millis, velocity, x, y, character_id) VALUES(73, 1000, 15, 305.00, 691.50, 8);
INSERT INTO character_movements(id, delay_millis, velocity, x, y, character_id) VALUES(74, 1000, 15, 306.00, 607.50, 8);
INSERT INTO character_movements(id, delay_millis, velocity, x, y, character_id) VALUES(75, 1000, 15, 350.00, 533.50, 8);
INSERT INTO character_movements(id, delay_millis, velocity, x, y, character_id) VALUES(76, 300000, 15, 359.00, 466.50, 8);
INSERT INTO character_movements(id, delay_millis, velocity, x, y, character_id) VALUES(77, 1000, 1, 302.20, 802.20, 8);
INSERT INTO character_movements(id, delay_millis, velocity, x, y, character_id) VALUES(78, 1000, 1, 320.00, 850.00, 8);
INSERT INTO character_movements(id, delay_millis, velocity, x, y, character_id) VALUES(79, 1000, 1, 340.00, 885.00, 8);
INSERT INTO character_movements(id, delay_millis, velocity, x, y, character_id) VALUES(80, 1000, 1, 342.00, 888.00, 8);
INSERT INTO character_movements(id, delay_millis, velocity, x, y, character_id) VALUES(81, 1000, 1, 340.00, 885.00, 8);
INSERT INTO character_movements(id, delay_millis, velocity, x, y, character_id) VALUES(82, 1000, 1, 320.00, 850.00, 8);
INSERT INTO character_movements(id, delay_millis, velocity, x, y, character_id) VALUES(83, 1000, 1, 302.20, 802.20, 8);
INSERT INTO character_movements(id, delay_millis, velocity, x, y, character_id) VALUES(84, 1000, 1, 305.00, 735.00, 8);
INSERT INTO character_movements(id, delay_millis, velocity, x, y, character_id) VALUES(85, 1000, 1, 305.00, 655.00, 8);
INSERT INTO character_movements(id, delay_millis, velocity, x, y, character_id) VALUES(86, 1000, 1, 397.00, 615.00, 8);
INSERT INTO character_movements(id, delay_millis, velocity, x, y, character_id) VALUES(87, 1000, 1, 342.00, 550.00, 8);
INSERT INTO character_movements(id, delay_millis, velocity, x, y, character_id) VALUES(88, 1000, 1, 359.00, 510.00, 8);
INSERT INTO character_movements(id, delay_millis, velocity, x, y, character_id) VALUES(89, 1000, 1, 378.00, 453.00, 8);
INSERT INTO character_movements(id, delay_millis, velocity, x, y, character_id) VALUES(90, 1000, 1, 476.00, 515.00, 8);
INSERT INTO character_movements(id, delay_millis, velocity, x, y, character_id) VALUES(91, 1000, 1, 515.00, 472.00, 8);
INSERT INTO character_movements(id, delay_millis, velocity, x, y, character_id) VALUES(92, 1000, 1, 516.00, 471.00, 8);
INSERT INTO character_movements(id, delay_millis, velocity, x, y, character_id) VALUES(93, 1000, 1, 515.00, 472.00, 8);
INSERT INTO character_movements(id, delay_millis, velocity, x, y, character_id) VALUES(94, 1000, 1, 516.00, 471.00, 8);
INSERT INTO character_movements(id, delay_millis, velocity, x, y, character_id) VALUES(95, 1000, 1, 515.00, 472.00, 8);
INSERT INTO character_movements(id, delay_millis, velocity, x, y, character_id) VALUES(96, 1000, 1, 516.00, 471.00, 8);
INSERT INTO character_movements(id, delay_millis, velocity, x, y, character_id) VALUES(97, 1000, 1, 515.00, 472.00, 8);
INSERT INTO character_movements(id, delay_millis, velocity, x, y, character_id) VALUES(98, 1000, 1, 516.00, 471.00, 8);
INSERT INTO character_movements(id, delay_millis, velocity, x, y, character_id) VALUES(99, 1000, 1, 612.00, 488.00, 8);
INSERT INTO character_movements(id, delay_millis, velocity, x, y, character_id) VALUES(100, 1000, 1, 666.00, 451.00, 8);
INSERT INTO character_movements(id, delay_millis, velocity, x, y, character_id) VALUES(101, 1000, 1, 691.00, 368.00, 8);
INSERT INTO character_movements(id, delay_millis, velocity, x, y, character_id) VALUES(102, 1000, 1, 704.00, 286.00, 8);
INSERT INTO character_movements(id, delay_millis, velocity, x, y, character_id) VALUES(103, 1000, 1, 740.00, 240.00, 8);
INSERT INTO character_movements(id, delay_millis, velocity, x, y, character_id) VALUES(104, 1000, 1, 738.00, 235.50, 8);
INSERT INTO character_movements(id, delay_millis, velocity, x, y, character_id) VALUES(105, 1000, 1, 803.00, 184.50, 8);
INSERT INTO character_movements(id, delay_millis, velocity, x, y, character_id) VALUES(106, 1000, 1, 853.00, 108.50, 8);
INSERT INTO character_movements(id, delay_millis, velocity, x, y, character_id) VALUES(107, 1000, 1, 951.00, 90.50, 8);
INSERT INTO character_movements(id, delay_millis, velocity, x, y, character_id) VALUES(108, 1000, 1, 939.00, 128.50, 8);
INSERT INTO character_movements(id, delay_millis, velocity, x, y, character_id) VALUES(109, 1000, 1, 925.00, 150.50, 8);
INSERT INTO character_movements(id, delay_millis, velocity, x, y, character_id) VALUES(110, 1000, 1, 932.00, 215.50, 8);
INSERT INTO character_movements(id, delay_millis, velocity, x, y, character_id) VALUES(111, 1000, 1, 985.00, 229.50, 8);
INSERT INTO character_movements(id, delay_millis, velocity, x, y, character_id) VALUES(112, 1000, 1, 1054.00, 250.50, 8);
INSERT INTO character_movements(id, delay_millis, velocity, x, y, character_id) VALUES(113, 1000, 1, 1095.00, 235.50, 8);
INSERT INTO character_movements(id, delay_millis, velocity, x, y, character_id) VALUES(114, 10000, 1, 305.00, 806.50, 9);
INSERT INTO character_movements(id, delay_millis, velocity, x, y, character_id) VALUES(115, 1000, 1, 306.00, 702.50, 9);
INSERT INTO character_movements(id, delay_millis, velocity, x, y, character_id) VALUES(116, 1000, 1, 303.00, 610.50, 9);
INSERT INTO character_movements(id, delay_millis, velocity, x, y, character_id) VALUES(117, 1000, 1, 350.00, 532.50, 9);
INSERT INTO character_movements(id, delay_millis, velocity, x, y, character_id) VALUES(118, 1000, 1, 371.00, 458.50, 9);
INSERT INTO character_movements(id, delay_millis, velocity, x, y, character_id) VALUES(119, 1000, 1, 322.00, 583.50, 9);
INSERT INTO character_movements(id, delay_millis, velocity, x, y, character_id) VALUES(120, 1000, 1, 303.00, 654.50, 9);
INSERT INTO character_movements(id, delay_millis, velocity, x, y, character_id) VALUES(121, 1000, 1, 302.00, 802.50, 9);
INSERT INTO character_movements(id, delay_millis, velocity, x, y, character_id) VALUES(122, 10000, 1, 289.00, 808.50, 10);
INSERT INTO character_movements(id, delay_millis, velocity, x, y, character_id) VALUES(123, 1000, 1, 318.00, 844.50, 10);
INSERT INTO character_movements(id, delay_millis, velocity, x, y, character_id) VALUES(124, 90000, 1, 350.00, 888.00, 10);
INSERT INTO character_movements(id, delay_millis, velocity, x, y, character_id) VALUES(125, 1000, 1, 406.00, 380.00, 11);
INSERT INTO character_movements(id, delay_millis, velocity, x, y, character_id) VALUES(126, 1000, 1, 406.20, 380.20, 11);
INSERT INTO character_movements(id, delay_millis, velocity, x, y, character_id) VALUES(127, 60000, 1, 196.00, 394.50, 12);
INSERT INTO character_movements(id, delay_millis, velocity, x, y, character_id) VALUES(128, 1000, 1, 245.00, 356.50, 12);
INSERT INTO character_movements(id, delay_millis, velocity, x, y, character_id) VALUES(129, 1000, 1, 290.00, 410.50, 12);
INSERT INTO character_movements(id, delay_millis, velocity, x, y, character_id) VALUES(130, 1000, 1, 358.00, 428.50, 12);
INSERT INTO character_movements(id, delay_millis, velocity, x, y, character_id) VALUES(131, 120000, 1, 376.00, 456.50, 12);
INSERT INTO character_movements(id, delay_millis, velocity, x, y, character_id) VALUES(132, 90000, 1, 289.00, 808.50, 13);
INSERT INTO character_movements(id, delay_millis, velocity, x, y, character_id) VALUES(133, 1000, 1, 318.00, 844.50, 13);
INSERT INTO character_movements(id, delay_millis, velocity, x, y, character_id) VALUES(134, 90000, 1, 350.00, 888.00, 13);
INSERT INTO character_movements(id, delay_millis, velocity, x, y, character_id) VALUES(135, 30000, 1, 333.00, 870.00, 14);
INSERT INTO character_movements(id, delay_millis, velocity, x, y, character_id) VALUES(136, 30000, 1, 326.00, 865.00, 14);
INSERT INTO character_movements(id, delay_millis, velocity, x, y, character_id) VALUES(137, 1000, 1, 300.00, 800.00, 14);
INSERT INTO character_movements(id, delay_millis, velocity, x, y, character_id) VALUES(138, 1000, 1, 305.00, 670.00, 14);
INSERT INTO character_movements(id, delay_millis, velocity, x, y, character_id) VALUES(139, 1000, 1, 305.00, 600.00, 14);
INSERT INTO character_movements(id, delay_millis, velocity, x, y, character_id) VALUES(140, 1000, 1, 340.00, 500.00, 14);
INSERT INTO character_movements(id, delay_millis, velocity, x, y, character_id) VALUES(141, 1000, 1, 365.00, 450.00, 14);
INSERT INTO character_movements(id, delay_millis, velocity, x, y, character_id) VALUES(142, 1000, 1, 280.00, 405.00, 14);
INSERT INTO character_movements(id, delay_millis, velocity, x, y, character_id) VALUES(143, 1000, 1, 240.00, 350.00, 14);
INSERT INTO character_movements(id, delay_millis, velocity, x, y, character_id) VALUES(144, 1000, 1, 200.00, 275.00, 14);
INSERT INTO character_movements(id, delay_millis, velocity, x, y, character_id) VALUES(145, 90000, 1, 412.00, 373.50, 15);
INSERT INTO character_movements(id, delay_millis, velocity, x, y, character_id) VALUES(146, 1000, 1, 414.00, 408.50, 15);
INSERT INTO character_movements(id, delay_millis, velocity, x, y, character_id) VALUES(147, 120000, 1, 371.00, 456.50, 15);
INSERT INTO character_movements(id, delay_millis, velocity, x, y, character_id) VALUES(148, 15000, 1, 301.00, 803.50, 16);
INSERT INTO character_movements(id, delay_millis, velocity, x, y, character_id) VALUES(149, 1000, 1, 304.00, 741.50, 16);
INSERT INTO character_movements(id, delay_millis, velocity, x, y, character_id) VALUES(150, 1000, 1, 304.00, 685.50, 16);
INSERT INTO character_movements(id, delay_millis, velocity, x, y, character_id) VALUES(151, 1000, 1, 300.00, 620.50, 16);
INSERT INTO character_movements(id, delay_millis, velocity, x, y, character_id) VALUES(152, 1000, 1, 341.00, 558.50, 16);
INSERT INTO character_movements(id, delay_millis, velocity, x, y, character_id) VALUES(153, 1000, 1, 368.00, 460.50, 16);
INSERT INTO character_movements(id, delay_millis, velocity, x, y, character_id) VALUES(154, 1000, 25, 367.00, 459.50, 17);
INSERT INTO character_movements(id, delay_millis, velocity, x, y, character_id) VALUES(155, 1000, 25, 341.00, 555.50, 17);
INSERT INTO character_movements(id, delay_millis, velocity, x, y, character_id) VALUES(156, 1000, 25, 280.00, 606.50, 17);
INSERT INTO character_movements(id, delay_millis, velocity, x, y, character_id) VALUES(157, 1000, 25, 305.00, 699.50, 17);
INSERT INTO character_movements(id, delay_millis, velocity, x, y, character_id) VALUES(158, 1000, 25, 301.00, 810.50, 17);
INSERT INTO character_movements(id, delay_millis, velocity, x, y, character_id) VALUES(159, 1000, 15, 305.00, 691.50, 17);
INSERT INTO character_movements(id, delay_millis, velocity, x, y, character_id) VALUES(160, 1000, 15, 306.00, 607.50, 17);
INSERT INTO character_movements(id, delay_millis, velocity, x, y, character_id) VALUES(161, 1000, 15, 350.00, 533.50, 17);
INSERT INTO character_movements(id, delay_millis, velocity, x, y, character_id) VALUES(162, 300000, 15, 359.00, 466.50, 17);
INSERT INTO character_movements(id, delay_millis, velocity, x, y, character_id) VALUES(163, 1000, 25, 367.00, 459.50, 18);
INSERT INTO character_movements(id, delay_millis, velocity, x, y, character_id) VALUES(164, 1000, 25, 341.00, 555.50, 18);
INSERT INTO character_movements(id, delay_millis, velocity, x, y, character_id) VALUES(165, 1000, 25, 280.00, 606.50, 18);
INSERT INTO character_movements(id, delay_millis, velocity, x, y, character_id) VALUES(166, 1000, 25, 305.00, 699.50, 18);
INSERT INTO character_movements(id, delay_millis, velocity, x, y, character_id) VALUES(167, 1000, 25, 301.00, 810.50, 18);
INSERT INTO character_movements(id, delay_millis, velocity, x, y, character_id) VALUES(168, 1000, 15, 305.00, 691.50, 18);
INSERT INTO character_movements(id, delay_millis, velocity, x, y, character_id) VALUES(169, 1000, 15, 306.00, 607.50, 18);
INSERT INTO character_movements(id, delay_millis, velocity, x, y, character_id) VALUES(170, 1000, 15, 350.00, 533.50, 18);
INSERT INTO character_movements(id, delay_millis, velocity, x, y, character_id) VALUES(171, 300000, 15, 359.00, 466.50, 18);
INSERT INTO character_movements(id, delay_millis, velocity, x, y, character_id) VALUES(172, 1000, 1, 302.80, 805.80, 19);
INSERT INTO character_movements(id, delay_millis, velocity, x, y, character_id) VALUES(173, 1000, 1, 302.70, 805.90, 19);